Code,Name,ROE,PER
247540,에코프로비엠,-0.64,-173.51
196170,알테오젠,-2.27,619.59
028300,HLB,-32.55,-87.24
086520,에코프로,3.43,-32.49
348370,엔켐,-18.04,-11.12
145020,휴젤,12.09,31.46
000250,삼천당제약,-5.27,-368.93
141080,리가켐바이오,-40.08,-56.15
214150,클래시스,28.94,39.68
058470,리노공업,21.12,29.20
068760,셀트리온제약,5.80,180.30
277810,레인보우로보틱스,-0.93,-244.88
257720,실리콘투,32.86,32.66
263750,펄어비스,2.14,142.59
403870,HPSP,34.05,35.47
039030,이오테크닉스,6.73,66.17
357780,솔브레인,15.61,15.21
237690,에스티팜,5.42,84.12
214450,파마리서치,19.71,24.91
240810,원익IPS,-1.56,-62.50
035900,JYP Ent.,30.37,25.51
078600,대주전자재료,0.51,134.81
089030,테크윙,-4.15,-154.46
005290,동진쎄미켐,16.95,14.02
096530,씨젠,0.06,-496.21
035760,CJ ENM,-9.30,-6.34
178320,서진시스템,-4.35,757.89
065350,신성델타테크,6.75,162.08
039200,오스코텍,-21.93,-64.66
041510,에스엠,12.30,19.92
225570,넥슨게임즈,4.52,-170.52
298380,에이비엘바이오,-3.69,-37.49
086900,메디톡스,2.17,573.86
293490,카카오게임즈,-14.85,-6.16
036930,주성엔지니어링,6.81,36.25
067630,HLB생명과학,-2.57,9.91
140860,파크시스템스,18.68,54.31
137400,피엔티,20.01,15.79
950160,코오롱티슈진,-16.69,-68.19
232140,와이씨,4.49,127.05
281740,레이크머티리얼즈,24.64,62.07
067160,SOOP,28.02,15.25
064760,티씨케이,14.00,19.60
095340,ISC,3.56,63.30
417200,LS머트리얼즈,8.70,84.72
328130,루닛,-24.21,-24.82
310210,보로노이,-96.66,-31.36
195940,HK이노엔,3.99,21.56
031980,피에스케이홀딩스,13.70,21.96
036830,솔브레인홀딩스,7.63,12.55
018290,브이티,28.00,21.74
084370,유진테크,7.31,56.20
051980,중앙첨단소재,-114.49,-16.21
253450,스튜디오드래곤,4.40,34.17
121600,나노신소재,7.65,81.15
033100,제룡전기,57.64,13.13
112040,위메이드,-63.94,-4.75
087010,펩트론,-35.69,-67.27
352480,씨앤씨인터내셔널,20.48,28.81
204270,제이앤티씨,5.15,21.84
140410,메지온,-29.03,-111.71
287410,제이시스메디칼,28.44,39.63
085660,차바이오텍,-2.94,-41.36
214370,케어젠,18.02,26.19
078130,국일제지,-22.79,-13.79
047920,HLB제약,-22.32,-241.38
056190,에스에프에이,3.75,11.93
064550,바이오니아,-4.60,-80.42
042000,카페24,6.07,44.42
241710,코스메카코리아,14.12,32.36
067310,하나마이크론,-4.72,-23.41
319660,피에스케이,14.08,13.50
317330,덕산테코피아,-4.05,-63.32
222080,씨아이에스,14.44,11.86
119860,커넥트웨이브,0.29,461.54
048410,현대바이오,-28.02,-71.45
115450,HLB테라퓨틱스,-1.66,-813.33
166090,하나머티리얼즈,N/A,30.09
074600,원익QnC,9.74,20.65
098460,고영,7.18,45.53
213420,덕산네오룩스,10.64,19.70
183300,코미코,13.48,19.85
086450,동국제약,9.02,15.11
222800,심텍,-21.29,-6.91
383310,에코프로에이치엔,34.05,24.42
025320,시노펙스,12.21,41.87
053030,바이넥스,2.51,-59.27
440110,파두,-50.20,-11.28
393890,더블유씨피,5.54,20.12
009520,포스코엠텍,4.23,148.07
007390,네이처셀,-19.70,-80.37
199800,툴젠,-84.21,-15.97
036540,SFA반도체,-2.81,120.00
365340,성일하이텍,8.26,96.62
122870,와이지엔터테인먼트,14.00,17.79
069080,웹젠,9.65,9.79
399720,가온칩스,10.90,109.14
025900,동화기업,-10.93,-7.70
041190,우리기술투자,26.51,5.01
003380,하림지주,1.35,-15.22
036810,에프에스티,-5.61,-38.16
101490,에스앤에스텍,12.58,24.24
340570,티앤엘,23.29,23.03
131970,두산테스나,13.76,12.76
189300,인텔리안테크,2.44,"-1,678.79"
278280,천보,-13.06,-9.73
131290,티에스이,0.04,185.66
060370,LS마린솔루션,9.89,65.22
015750,성우하이텍,13.63,3.44
272290,이녹스첨단소재,8.34,14.18
237880,클리오,13.71,17.89
046890,서울반도체,-3.24,-26.59
418550,제이오,18.00,34.99
053800,안랩,13.34,18.10
215200,메가스터디교육,21.07,6.21
420770,기가비스,20.87,29.15
058970,엠로,-67.72,-18.89
335890,비올,44.89,21.34
348210,넥스틴,27.30,13.80
336570,원텍,49.68,18.57
144510,지씨셀,-0.03,-77.38
080220,제주반도체,11.21,28.51
091120,이엠텍,-4.67,-35.95
058610,에스피지,5.09,56.83
376300,디어유,16.86,19.72
338220,뷰노,-131.81,-31.35
194480,데브시스터즈,-31.75,-13.37
078340,컴투스,3.53,36.03
030520,한글과컴퓨터,4.64,32.90
251970,펌텍코리아,12.03,17.28
290690,소룩스,-12.67,-22.49
079370,제우스,3.43,32.61
099190,아이센스,1.30,-616.07
460930,현대힘스,5.87,39.27
014620,성광벤드,8.02,12.43
358570,지아이이노베이션,-66.32,-8.06
253590,네오셈,11.11,39.29
220100,퓨쳐켐,-10.02,-52.41
101360,에코앤드림,-11.35,"2,046.67"
200130,콜마비앤에이치,4.93,22.82
095660,네오위즈,10.37,7.19
397030,에이프릴바이오,-14.18,58.40
206640,바디텍메드,14.84,16.60
084850,아이티엠반도체,-17.19,-19.03
025980,아난티,17.47,4.37
323280,태성,-4.48,207.59
215600,신라젠,-29.90,-15.76
091700,파트론,6.10,15.97
314930,바이오다인,-2.27,-328.22
099320,쎄트렉아이,25.91,9.60
082920,비츠로셀,17.27,12.39
032190,다우데이타,5.49,6.42
372320,큐로셀,55.22,-12.78
215000,골프존,20.41,6.60
206650,유바이오로직스,-11.77,-31.31
256840,한국비엔씨,13.06,14.87
290650,엘앤씨바이오,39.50,8.74
114840,아이패밀리에스씨,N/A,15.01
101160,월덱스,25.30,8.11
179900,유티아이,-91.71,-15.32
039440,에스티아이,10.54,22.00
049070,인탑스,4.43,14.88
228760,지노믹트리,-7.56,-48.89
006730,서부T&D,17.98,3.01
023160,태광,10.92,7.94
372170,윤성에프앤씨,N/A,14.45
334970,프레스티지바이오로직스,-16.54,-12.31
082270,젬백스,-22.43,-7.29
032500,케이엠더블유,-31.45,-6.16
200670,휴메딕스,14.72,12.71
108860,셀바스AI,-2.74,-122.87
161580,필옵틱스,-6.15,-26.24
102710,이엔에프테크놀로지,-4.73,-23.42
068240,다원시스,1.83,26.19
033500,동성화인텍,18.11,13.15
034950,한국기업평가,18.64,17.70
059090,미코,-25.04,-12.47
439090,마녀공장,15.59,24.24
252990,샘씨엔에스,-1.23,161.46
171090,선익시스템,-12.29,-31.05
095610,테스,0.52,47.45
455900,엔젤로보틱스,166.35,-32.65
107640,한중엔시에스,-83.21,-18.87
104830,원익머트리얼즈,3.10,26.26
205470,휴마시스,-17.48,-8.09
160190,하이젠알앤엠,5.98,227.17
294090,이오플로우,-82.07,-6.09
043150,바텍,13.83,6.81
013030,하이록코리아,12.13,7.34
323990,박셀바이오,-19.24,-32.10
089010,켐트로닉스,-5.73,55.61
060280,큐렉소,-5.33,-36.20
029960,코엔텍,19.79,11.65
084650,랩지노믹스,-2.14,-20.12
095500,미래나노텍,-0.54,37.13
394280,오픈엣지테크놀로지,-56.25,-24.70
094170,동운아나텍,64.09,13.34
360070,탑머티리얼,13.95,26.04
243070,휴온스,16.61,7.70
297890,HB솔루션,40.57,9.48
138580,비즈니스온,23.42,22.73
950130,엑세스바이오,-0.53,-8.52
089980,상아프론테크,6.35,31.90
319400,현대무벡스,2.67,26.56
053610,프로텍,7.43,20.45
230360,에코마케팅,19.39,9.11
038500,삼표시멘트,4.86,8.26
122640,예스티,-36.27,-11.71
445090,에이직랜드,7.21,73.80
094360,칩스앤미디어,-47.49,-12.26
099430,바이오플러스,21.22,16.57
031330,에스에이엠티,8.92,7.96
093320,케이아이엔엑스,15.77,15.69
110990,디아이티,7.24,19.14
045100,한양이엔지,15.39,4.08
166480,코아스템켐온,-60.69,-12.71
084110,휴온스글로벌,7.95,7.73
041830,인바디,15.83,9.36
119610,인터로조,7.52,28.59
032820,우리기술,5.06,48.14
058820,CMG제약,N/A,39.42
083450,GST,16.97,9.15
051360,토비스,6.26,15.57
378340,필에너지,-8.42,-42.86
005160,동국산업,-1.30,497.50
095700,제넥신,-23.50,-5.91
035890,서희건설,17.85,1.98
243840,신흥에스이씨,9.58,14.38
337930,브랜드엑스코퍼레이션,13.46,28.52
218410,RFHIC,6.24,9.21
025770,한국정보통신,11.67,10.42
388720,유일로보틱스,-17.54,-12.21
114190,강원에너지,12.33,70.53
036620,감성코퍼레이션,37.53,12.22
267980,매일유업,10.62,5.25
151860,KG에코솔루션,7.53,3.43
114810,한솔아이원스,1.41,15.53
060250,NHN KCP,16.73,7.68
126700,하이비젼시스템,21.08,5.20
347850,디앤디파마텍,14.03,67.02
136480,하림,4.29,-10.54
265520,AP시스템,20.30,5.03
018310,삼목에스폼,23.35,2.14
216080,제테마,N/A,14.65
050890,쏠리드,16.30,6.49
060150,인선이엔티,0.50,-82.34
304360,에스바이오메딕스,-477.19,-39.18
041020,폴라리스오피스,33.22,-57.57
044490,태웅,6.87,7.68
003800,에이스침대,8.11,4.58
041960,코미팜,-6.80,83.67
200710,에이디테크놀로지,-10.23,-25.00
174900,앱클론,-40.00,-17.08
100790,미래에셋벤처투자,7.66,8.33
416180,신성에스티,13.64,25.76
036220,오상헬스케어,47.25,-79.35
094480,갤럭시아머니트리,-0.04,-421.76
092040,아미코젠,-15.14,-7.66
453450,그리드위즈,9.40,53.48
033790,스카이문스테크놀로지,-8.62,-150.00
035600,KG이니시스,17.66,3.51
051370,인터플렉스,13.06,7.11
101730,위메이드맥스,8.00,333.60
389020,자람테크놀로지,-4.67,242.12
078020,LS증권,3.09,12.17
461030,아이엠비디엑스,91.33,-21.41
060720,KH바텍,12.92,11.92
102940,코오롱생명과학,-20.12,-8.20
950140,잉글우드랩,19.95,12.02
148150,세경하이테크,18.72,9.30
027360,아주IB투자,6.62,21.63
054950,제이브이엠,15.55,9.79
023410,유진기업,7.00,5.31
441270,파인엠텍,8.02,20.92
217270,넵튠,-4.17,84.71
211050,인카금융서비스,34.68,7.83
299900,위지윅스튜디오,25.30,7.99
089970,브이엠,-5.81,-23.74
100120,뷰웍스,6.93,15.09
078150,HB테크놀러지,30.65,4.48
317690,퀀타매트릭스,-74.33,-12.97
348340,뉴로메카,-55.36,-12.23
417010,나노팀,N/A,148.65
033640,네패스,-49.65,-3.19
357550,석경에이티,10.50,68.25
123860,아나패스,5.85,49.65
307750,국전약품,5.13,188.21
118990,모트렉스,16.88,8.21
077360,덕산하이메탈,1.94,29.18
052020,에스티큐브,-56.63,-10.53
039840,디오,1.84,-4.76
121800,비덴트,-2.88,25.54
263720,디앤씨미디어,5.20,47.54
299030,하나기술,-4.11,-38.97
425040,티이엠씨,16.43,13.41
425420,티에프이,16.86,23.59
108230,톱텍,16.56,2.91
108490,로보티즈,-1.51,-72.28
255220,SG,-47.71,-4.10
102120,어보브반도체,-11.10,-33.88
144960,뉴파워프라즈마,8.16,12.64
083650,비에이치아이,12.23,18.66
950170,JTC,26.45,7.57
064090,인크레더블버즈,-34.95,22.92
900290,GRT,7.93,3.10
268600,셀리버리,472.60,-12.10
086890,이수앱지스,5.10,-28.87
096040,이트론,-35.53,-9.03
150840,인트로메딕,-60.18,-34.82
078350,한양디지텍,9.91,14.53
082850,우리바이오,8.23,14.97
214680,디알텍,-3.10,-24.81
024850,HLB이노베이션,-1.32,-372.78
056080,유진로봇,-12.48,-54.75
126600,BGF에코머티리얼즈,-3.87,-25.91
036200,유니셈,8.81,13.37
179290,엠아이텍,14.50,14.71
437730,삼현,21.42,20.71
235980,메드팩토,-68.44,-6.31
024060,흥구석유,1.42,285.54
013120,동원개발,4.17,5.34
290550,디케이티,3.75,15.74
090360,로보스타,0.77,118.12
412540,제일엠앤에스,-11.17,N/A
126340,비나텍,3.16,85.75
270660,에브리봇,4.42,128.68
298830,슈어소프트테크,7.32,17.59
083930,아바코,2.41,18.12
064260,다날,-9.10,-10.49
054450,텔레칩스,30.12,4.85
208340,파멥신,-68.87,-6.97
371950,풍원정밀,-31.78,-9.77
030530,원익홀딩스,-3.01,-3.97
214430,아이쓰리시스템,14.91,17.01
443670,에스피소프트,14.66,49.61
017890,한국알콜,2.16,19.42
047310,파워로직스,9.17,25.59
032620,유비케어,-1.54,-78.48
278650,HLB바이오스텝,-0.19,-75.43
034810,해성산업,-3.88,-8.39
048530,인트론바이오,-9.56,-26.91
043370,피에이치에이,8.82,3.59
086390,유니테스트,4.66,"-2,700.00"
051500,CJ프레시웨이,18.24,4.50
061970,LB세미콘,-5.82,-19.33
048870,시너지이노베이션,1.45,13.63
086980,쇼박스,-25.24,-20.37
254490,미래반도체,7.53,32.82
389260,대명에너지,5.39,28.73
204620,글로벌텍스프리,-10.08,-17.90
052400,코나아이,18.18,8.19
080160,모두투어,16.28,17.79
270520,지오릿에너지,N/A,-12.66
322510,제이엘케이,-51.67,-22.84
057880,푸른소나무,-178.72,-4.20
109610,에스와이,-5.17,-18.33
226950,올릭스,-33.00,-10.82
011040,경동제약,-8.53,-11.28
032300,한국파마,0.13,70.91
064290,인텍플러스,-17.54,-23.56
078160,메디포스트,2.38,35.93
014940,오리엔탈정공,10.38,19.58
083310,엘오티베큠,22.87,4.73
143240,사람인,10.91,11.16
064800,포니링크,-6.63,-6.04
036030,케이티알파,6.92,10.76
089600,나스미디어,8.00,12.33
038290,마크로젠,-9.93,-10.24
045390,대아티아이,9.27,17.57
039980,폴라리스AI,1.28,-69.88
452200,민테크,-876.08,-21.97
190510,나무가,17.32,9.13
330860,네패스아크,-12.57,-8.21
203400,에이비온,-232.95,-5.87
439580,블루엠텍,-10.05,-41.56
033160,엠케이전자,-9.18,-5.23
052420,오성첨단소재,5.80,11.70
082800,비보존 제약,-3.24,-85.41
448280,에코아이,17.40,10.45
042370,비츠로테크,-0.38,-105.21
053080,케이엔솔,6.91,15.98
067390,아스트,-446.04,-0.61
452280,한선엔지니어링,12.04,34.12
101930,인화정공,1.47,3.62
083790,CG인바이츠,-29.33,-4.40
035080,그래디언트,-2.78,-17.81
097800,윈팩,-54.20,-4.00
377450,리파인,14.55,8.55
305090,마이크로디지탈,8.34,146.71
024810,이화전기,-4.11,-10.10
194700,노바렉스,11.56,8.85
462350,이노스페이스,N/A,-1.97
131370,알서포트,8.14,27.22
071280,로체시스템즈,8.21,23.76
036890,진성티이씨,12.87,9.91
036800,나이스정보통신,9.43,5.43
299660,셀리드,-74.72,-15.28
092190,서울바이오시스,-183.08,-2.08
067080,대화제약,-1.52,-53.52
092870,엑시콘,3.36,-73.65
236200,슈프리마,11.90,7.55
122990,와이솔,3.83,12.90
146320,비씨엔씨,1.68,77.92
138610,나이벡,-20.30,-29.23
389650,넥스트바이오메디컬,244.41,-21.76
182360,큐브엔터,18.71,16.52
100130,동국S&C,-12.43,-12.11
322310,오로스테크놀로지,5.47,"-1,827.27"
084990,헬릭스미스,-34.56,-3.03
405100,큐알티,2.57,103.11
016790,현대사료,"3,775.29",-0.77
079940,가비아,11.79,11.04
093640,케이알엠,N/A,-8.28
073010,케이에스피,31.81,10.64
060590,씨티씨바이오,-18.41,-13.16
023760,한국캐피탈,12.39,2.53
049950,미래컴퍼니,2.66,-21.25
068930,디지털대성,8.03,15.48
029480,광무,7.51,1.82
078070,유비쿼스홀딩스,5.91,11.50
079810,디이엔티,1.20,21.37
211270,AP위성,11.66,11.91
293780,압타바이오,N/A,-16.43
090710,휴림로봇,-6.43,-14.75
149950,아바텍,3.44,12.96
052260,현대바이오랜드,6.07,23.26
122450,KX,6.85,11.00
067280,멀티캠퍼스,17.37,5.68
396470,워트,4.74,65.64
045970,코아시아,-34.72,-7.09
046440,KG모빌리언스,13.40,3.74
096240,크레버스,33.62,19.51
035810,이지홀딩스,4.61,4.46
123410,코리아에프티,19.34,6.23
264850,이랜시스,11.13,39.60
136540,윈스,11.73,7.66
304100,솔트룩스,-15.24,-16.50
089890,코세스,11.02,21.20
110790,크리스에프앤씨,7.03,13.19
354320,알멕,-6.46,-15.96
273640,와이엠텍,11.25,40.07
019210,와이지-원,6.85,9.74
005860,한일사료,109.57,-344.23
214180,헥토이노베이션,14.63,7.33
472850,폰드그룹,N/A,95.44
445680,큐리옥스바이오시스템즈,-20.76,-31.24
402030,코난테크놀로지,-27.31,-13.51
382840,원준,4.85,8.73
297090,씨에스베어링,-1.86,-36.42
092730,네오팜,15.36,7.61
117730,티로보틱스,-177.60,-3.53
432720,퀄리타스반도체,-68.32,-15.52
217330,싸이토젠,-53.45,-10.17
182400,엔케이맥스,5.31,10.63
225530,보광산업,18.10,12.28
282880,코윈테크,8.07,10.52
321550,티움바이오,-27.32,-9.91
214260,라파스,-24.99,-16.94
457550,우진엔텍,18.31,23.26
402490,그린리소스,7.22,53.35
092070,디엔에프,3.38,58.42
054210,이랜텍,6.26,-37.98
064820,케이프,12.11,12.03
006620,동구바이오제약,11.12,11.93
131400,이브이첨단소재,1.63,66.51
106190,하이텍팜,7.81,12.59
063570,한국전자금융,8.03,12.84
101670,하이드로리튬,-65.40,-2.86
053300,한국정보인증,5.33,9.09
143160,아이디스,9.72,8.57
048550,SM C&C,-9.68,-32.20
065680,우주일렉트로,2.50,18.77
112290,와이씨켐,-9.45,-19.81
123040,엠에스오토텍,6.11,6.73
253840,수젠텍,-13.63,-10.08
025950,동신건설,8.40,20.31
036190,금화피에스시,12.03,4.50
047560,이스트소프트,-10.07,-19.89
234340,헥토파이낸셜,8.28,14.08
200470,에이팩트,-15.65,-8.38
192440,슈피겐코리아,9.58,4.82
023910,대한약품,12.01,5.60
234690,녹십자웰빙,6.87,24.39
121440,골프존뉴딘홀딩스,5.41,5.32
042600,새로닉스,-15.55,-4.02
217820,원익피앤이,-2.86,-7.97
321820,아티스트유나이티드,-29.15,-19.44
453860,에이에스텍,26.95,18.26
452400,이닉스,14.36,9.57
030960,양지사,0.66,104.84
298540,더네이쳐홀딩스,16.06,3.79
060570,드림어스컴퍼니,-1.74,-25.61
356860,티엘비,2.26,176.92
027710,팜스토리,4.80,13.03
093520,매커스,20.67,11.41
091580,상신이디피,19.46,6.58
042420,네오위즈홀딩스,2.13,35.39
396270,넥스트칩,-77.22,-5.85
432470,케이엔에스,9.71,36.14
451760,컨텍,-164.81,-1.70
156100,엘앤케이바이오,-7.84,-657.50
063080,컴투스홀딩스,-3.17,-13.75
079960,동양이엔피,15.53,2.78
046210,HLB파나진,-10.11,-29.29
009300,삼아제약,11.22,6.52
220260,켐트로스,4.65,34.97
125210,아모그린텍,20.89,14.22
191420,테고사이언스,-4.89,-58.23
289220,자이언트스텝,-22.94,-6.61
199820,제일일렉트릭,6.51,20.60
051160,지어소프트,8.18,10.67
362320,청담글로벌,-3.71,-91.98
365590,하이딥,-55.80,-14.09
094820,일진파워,7.48,10.38
317870,엔바이오니아,-16.08,-35.80
092130,이크레더블,25.62,11.48
078940,퀀타피아,-63.99,-8.45
023600,삼보판지,10.17,2.91
065660,안트로젠,-2.41,-43.93
382900,범한퓨얼셀,N/A,-44.14
068790,DMS,6.49,7.80
288330,브릿지바이오테라퓨틱스,-118.94,-3.25
215090,휴센텍,-47.43,-16.01
259630,엠플러스,30.64,6.78
078140,대봉엘에스,3.52,42.52
067990,도이치모터스,3.01,16.02
419050,삼기이브이,N/A,40.15
348150,고바이오랩,-22.66,-11.83
012860,모베이스전자,4.77,13.44
006910,보성파워텍,5.26,36.01
036560,영풍정밀,8.63,5.36
160980,싸이맥스,7.02,12.24
032860,더라미,-8.55,-145.60
145170,노브랜드,0.87,133.80
049720,고려신용정보,27.72,12.97
206560,덱스터,-2.88,-62.61
272110,케이엔제이,18.10,14.03
310200,애니플러스,10.66,17.34
389470,인벤티지랩,-154.94,-6.17
080420,모다이노칩,-2.09,"-1,818.00"
086710,선진뷰티사이언스,8.35,23.49
037460,삼지전자,9.62,4.06
294570,쿠콘,5.57,25.33
418470,밀리의서재,44.55,8.42
183490,엔지켐생명과학,-4.72,-18.00
208370,셀바스헬스케어,11.02,27.40
290670,대보마그네틱,-10.98,-22.52
277880,티에스아이,-6.86,155.00
285490,노바텍,21.01,5.06
147830,제룡산업,9.73,23.43
041440,현대에버다임,3.54,78.33
282720,금양그린파워,23.15,13.01
023900,풍국주정,5.59,15.34
418620,이에이트,124.68,-19.45
458870,씨어스테크놀로지,-75.94,-12.83
073490,이노와이어리스,7.30,43.50
119830,아이텍,-5.21,22.47
065450,빅텍,-7.18,-127.44
445180,퓨릿,19.82,10.14
338840,와이바이오로직스,-116.92,-6.80
203650,드림시큐리티,23.47,7.05
065650,하이퍼코퍼레이션,-5.77,-7.09
950190,고스트스튜디오,16.81,6.41
109740,디에스케이,2.47,62.39
228670,레이,-1.76,-31.39
038110,에코플라스틱,23.50,3.02
205100,엑셈,10.52,25.59
042520,한스바이오메드,-48.64,-13.24
274090,켄코아에어로스페이스,-3.83,-25.96
950220,네오이뮨텍,-52.60,-2.61
104460,디와이피엔에프,5.21,16.59
061250,화일약품,2.21,51.60
246710,티앤알바이오팹,-38.09,-7.83
295310,에이치브이엠,-32.73,-17.61
115180,큐리언트,-54.44,-5.17
067000,조이시티,5.38,18.82
315640,딥노이드,-36.28,-17.75
149980,하이로닉,12.45,15.04
013990,아가방컴퍼니,8.08,9.85
038390,레드캡투어,8.38,6.90
264450,유비쿼스,16.81,5.00
049520,유아이엘,7.37,9.09
251370,와이엠티,-2.33,-77.22
037070,파세코,0.74,-850.00
251120,바이오에프디엔씨,10.01,23.38
357230,에이치피오,10.98,10.52
072870,메가스터디,7.06,5.65
264660,씨앤지하이테크,12.56,10.15
039860,나노엔텍,-6.61,-39.58
451250,삐아,32.93,17.41
164060,이루다,-8.69,-29.49
033290,코웰패션,10.62,4.83
090850,현대이지웰,-0.59,-71.27
175140,휴먼테크놀로지,-33.67,-6.87
043610,지니뮤직,8.20,9.98
054670,대한뉴팜,11.81,10.67
230240,에치에프알,1.06,-13.03
099440,스맥,18.37,5.95
389500,에스비비테크,-65.40,-10.61
107600,새빗켐,-1.86,-28.19
038540,상상인,-8.94,-4.72
261780,차백신연구소,-5.09,-29.64
040350,크레오에스지,-31.48,-8.79
219130,타이거일렉,-4.73,-108.55
018000,유니슨,-41.43,-3.49
269620,시스웍,116.23,-25.40
047820,초록뱀미디어,-15.17,-4.01
195990,에이비프로바이오,-19.61,-5.79
088390,이녹스,-6.84,-8.99
040300,YTN,-1.68,-14.38
353810,이지바이오,27.57,7.98
049960,쎌바이오텍,5.73,19.58
261200,덴티스,9.03,23.34
104480,티케이케미칼,-0.94,18.53
060560,홈센타홀딩스,15.47,6.76
033230,인성정보,-0.38,"2,595.00"
370090,퓨런티어,17.20,29.65
417500,제이아이테크,5.93,34.96
388870,파로스아이바이오,101.81,-13.82
108380,대양전기공업,3.77,12.58
007330,푸른저축은행,5.05,11.76
065510,휴비츠,9.34,11.52
368770,파이버프로,9.33,35.50
040910,아이씨디,-26.35,-4.09
039560,다산네트웍스,-27.66,-1.41
000440,중앙에너비스,-0.43,-130.89
067900,와이엔텍,10.69,5.04
388050,지투파워,N/A,145.32
092460,한라IMS,55.21,1.71
100700,세운메디칼,11.59,8.57
228850,레이언스,8.43,6.06
382800,지앤비에스 에코,21.50,7.44
452190,한빛레이저,-28.71,-21.00
066620,국보디자인,15.52,4.19
085670,뉴프렉스,9.80,12.15
084730,팅크웨어,8.28,8.21
142280,녹십자엠에스,5.31,115.38
186230,그린플러스,-26.24,-9.77
054620,APS,6.27,5.40
207760,미스터블루,-18.16,-8.20
056090,이노시스,2.76,78.47
105550,엣지파운드리,-34.34,-4.41
066700,테라젠이텍스,18.77,4.77
109820,진매트릭스,-3.78,-73.86
044340,위닉스,4.86,12.46
012700,리드코프,2.12,13.42
039340,한국경제TV,6.24,11.13
063170,서울옥션,-6.62,-22.73
072770,율호,-13.85,-12.06
178780,일월지엠엘,-66.79,-23.13
045660,에이텍,N/A,25.41
452430,사피엔반도체,"-45,024.03",-8.73
066790,씨씨에스,9.66,51.43
026150,특수건설,-2.17,-64.18
900250,크리스탈신소재,2.01,11.85
418420,라온텍,-49.02,-42.71
013310,아진산업,19.21,3.58
260930,씨티케이,4.44,37.92
294140,레몬,-63.70,-21.54
140670,알에스오토메이션,-15.24,-15.31
039610,화성밸브,9.55,17.52
054050,농우바이오,4.08,11.10
376190,LB루셈,0.59,496.50
151910,퓨처코어,-20.73,-12.80
124560,태웅로직스,12.46,6.01
332570,와이팜,26.65,8.36
021080,에이티넘인베스트,11.67,5.69
019550,SBI인베스트먼트,6.83,19.08
005710,대원산업,8.28,3.02
137950,제이씨케미칼,13.30,9.73
460470,아이빔테크놀로지,140.14,-12.31
069510,에스텍,14.67,4.57
215360,우리산업,19.49,6.71
365330,에스와이스틸텍,31.57,8.79
419080,엔젯,0.66,-139.01
262260,에이프로,18.88,14.28
424960,스마트레이더시스템,-33.69,-20.08
053050,지에스이,6.17,20.21
066590,우수AMS,13.15,9.90
200350,래몽래인,-18.09,-8.79
159010,아스플로,6.42,168.65
052330,코텍,2.48,12.23
138080,오이솔루션,-26.11,-3.38
170920,엘티씨,-30.90,-5.17
241690,유니테크노,7.51,13.97
311690,CJ 바이오사이언스,-37.83,-4.46
384470,코어라인소프트,-202.85,-7.64
074430,아미노로직스,4.61,45.52
058630,엠게임,21.13,6.13
267320,나인테크,16.39,12.44
037950,엘컴텍,3.39,57.08
214610,미코바이오메드,-94.28,-3.26
257370,피엔티엠에스,-12.39,368.40
053700,삼보모터스,10.23,3.38
120240,대정화금,8.27,10.87
060310,3S,5.52,124.72
462510,라메디텍,-120.80,-10.79
185490,아이진,-32.48,-5.88
064240,홈캐스트,-11.12,-15.42
005990,매일홀딩스,13.77,2.23
053280,예스24,-1.80,-20.56
018120,진로발효,8.11,12.73
071200,인피니트헬스케어,15.36,4.97
361390,제노코,4.82,-688.18
059270,해성에어로보틱스,-1.93,-106.15
260970,에스앤디,14.24,12.57
131030,옵투스제약,8.31,10.16
024840,KBI메탈,0.06,358.89
086820,바이오솔루션,-2.91,-30.60
041920,메디아나,9.33,10.71
140070,서플러스글로벌,3.11,137.73
067570,엔브이에이치코리아,2.70,32.78
330350,위더스제약,9.19,12.15
162300,신스틸,9.56,58.59
226400,오스테오닉,8.28,18.88
263050,유틸렉스,-37.41,-4.17
061040,알에프텍,1.74,33.45
124500,아이티센,1.06,89.81
011560,세보엠이씨,15.32,3.11
347890,엠투아이,8.68,17.45
333620,엔시스,3.96,17.71
035610,솔본,26.51,2.82
099750,이지케어텍,3.50,90.96
311320,지오엘리먼트,4.49,25.14
241820,피씨엘,-60.61,-5.38
080580,오킨스전자,3.13,105.08
014470,부방,-15.21,-4.40
027050,코리아나,2.11,73.65
263600,덕우전자,-8.10,-10.75
333430,일승,10.74,27.06
089850,유비벨록스,17.03,5.66
003100,선광,8.57,3.56
042510,라온시큐어,9.90,74.58
036630,세종텔레콤,13.95,3.12
448710,코츠테크놀로지,26.63,13.43
352090,스톰테크,16.64,8.63
300080,플리토,-82.98,-18.58
413630,씨피시스템,16.53,17.77
226330,신테카바이오,-36.36,-11.05
142210,유니트론텍,18.64,5.36
019010,베뉴지,4.45,10.85
284620,카이노스메드,-80.48,-7.40
180400,DXVX,-99.67,-3.79
256940,케이피에스,7.13,8.64
160600,이큐셀,-2.52,-39.74
382480,지아이텍,9.84,17.26
291230,엔피,-7.86,134.17
255440,야스,-2.17,-36.88
041930,동아화성,9.76,7.30
238090,앤디포스,-10.48,-7.29
119850,지엔씨에너지,9.70,3.71
393210,토마토시스템,15.48,62.87
002800,신신제약,7.67,24.58
093920,서원인텍,7.17,8.32
048910,대원미디어,6.34,95.34
419530,SAMG엔터,-37.09,-4.35
043260,성호전자,19.22,6.01
042500,링네트,14.25,7.68
302430,이노메트리,13.03,9.92
086960,MDS테크,1.29,"-1,200.00"
356680,엑스게이트,0.94,15.68
366030,공구우먼,16.03,10.89
019590,엠벤처투자,30.12,1.38
038460,바이오스마트,17.18,4.67
095190,이엠코리아,-2.87,-52.50
198440,강동씨앤엘,-15.72,-3.97
001540,안국약품,0.84,16.23
417790,트루엔,15.60,8.44
072020,중앙백신,6.15,18.27
041590,플래스크,-70.27,-2.80
239890,피엔에이치테크,14.35,18.74
411080,샌즈랩,2.06,-450.67
043650,국순당,-1.71,55.92
443250,레뷰코퍼레이션,10.61,20.87
111710,남화산업,10.14,6.86
053580,웹케시,5.44,26.79
302550,리메드,2.63,43.31
040420,정상제이엘에스,16.47,9.92
234300,에스트래픽,20.97,7.17
289080,SV인베스트먼트,5.91,23.76
126730,코칩,23.76,17.17
058400,KNN,3.97,12.46
226440,한송네오텍,-20.04,-25.93
293580,나우IB,2.07,131.12
059210,메타바이오메드,15.43,8.28
024880,케이피에프,10.23,4.91
054800,아이디스홀딩스,8.19,5.21
065710,서호전기,17.04,6.25
950200,소마젠,N/A,-16.49
309960,LB인베스트먼트,6.12,18.92
175250,아이큐어,-42.49,-3.42
420570,제이투케이바이오,33.76,19.37
391710,코닉오토메이션,9.63,26.76
300120,라온피플,-16.32,-11.22
086670,비엠티,14.82,7.03
054040,한국컴퓨터,16.12,4.88
053980,오상자이엘,28.45,13.44
450330,하스,13.76,40.92
041910,폴라리스AI파마,3.30,84.07
033310,엠투엔,2.30,20.91
199480,뱅크웨어글로벌,-228.62,-10.41
066410,버킷스튜디오,4.32,-22.61
388790,라이콤,-27.52,-43.00
066980,한성크린텍,0.73,14.39
217730,강스템바이오텍,-45.08,-4.05
170030,현대공업,9.36,8.23
199550,레이저옵텍,0.10,"4,125.00"
036710,심텍홀딩스,-54.52,-0.89
012790,신일제약,10.57,6.08
340360,다보링크,-10.34,-35.08
021320,KCC건설,2.31,15.83
226340,본느,-2.39,48.62
206400,베노티앤알,-10.52,-4.22
033170,시그네틱스,-12.38,-5.55
187870,디바이스이엔지,5.27,12.29
105330,케이엔더블유,2.02,46.48
464080,에스오에스랩,-31.32,8.32
090470,제이스텍,-0.81,-60.00
032850,비트컴퓨터,8.61,17.84
408920,메쎄이상,10.33,11.01
067370,선바이오,17.74,22.63
173130,오파스넷,25.71,10.52
054780,키이스트,-9.16,-13.64
432430,와이랩,-28.12,-13.39
263690,디알젬,12.02,9.41
033340,좋은사람들,5.06,64.47
064850,에프앤가이드,13.53,12.01
294630,서남,-118.98,-7.56
232680,라온테크,8.24,26.05
288620,에스퓨얼셀,-3.36,-76.34
159580,제로투세븐,1.20,-516.67
053260,금강철강,3.61,25.91
102370,케이옥션,-4.15,-15.07
065950,웰크론,-6.30,-22.08
263860,지니언스,12.69,17.40
083500,에프엔에스테크,2.81,27.89
172670,에이엘티,5.91,-42.64
403490,우듬지팜,4.45,61.97
456010,아이씨티케이,83.16,-7.75
250060,모비스,-1.69,"2,870.00"
199430,케이엔알시스템,-78.98,-16.53
446540,메가터치,-0.24,-886.00
073560,우리손에프앤지,0.61,28.13
049180,셀루메드,-97.63,-2.40
014200,광림,11.72,6.41
223250,드림씨아이에스,7.20,24.39
168360,펨트론,24.34,147.59
067290,JW신약,-102.71,-2.51
900340,윙입푸드,8.91,4.59
123420,위메이드플레이,2.00,-179.77
096630,에스코넥,-1.70,34.73
009780,엠에스씨,13.03,5.11
218150,미래생명자원,1.04,"-1,476.67"
036120,SCI평가정보,1.61,72.71
340930,유일에너테크,-19.46,-6.33
007820,에스엠코어,-31.38,-10.90
460940,피앤에스미캐닉스,20.50,50.11
091440,한울소재과학,-29.61,-9.89
408900,스튜디오미르,8.67,26.70
365270,큐라클,-26.32,-7.39
451220,아이엠티,-13.64,-32.88
052790,액토즈소프트,15.00,2.44
122310,제노레이,13.62,7.09
027830,대성창투,3.02,18.99
357580,아모센스,-3.84,78.71
059120,아진엑스텍,1.14,198.91
006140,피제이전자,4.97,11.49
093190,빅솔론,6.20,11.70
004650,창해에탄올,-2.99,-48.20
241520,DSC인베스트먼트,14.82,6.51
141000,비아트론,0.97,26.41
153710,옵티팜,-9.00,-37.62
351330,이삭엔지니어링,-0.97,-77.74
053450,세코닉스,9.75,8.99
036640,HRS,10.96,6.49
127980,화인써키트,N/A,10.57
216050,인크로스,11.47,7.49
348350,위드텍,5.64,14.24
011320,유니크,5.55,16.42
265560,영화테크,10.20,10.85
251630,브이원텍,2.75,40.37
225190,LK삼양,2.19,34.92
306620,네온테크,-11.92,-33.92
020710,시공테크,6.49,10.60
104540,코렌텍,5.81,31.30
038070,서린바이오,-0.14,-63.46
369370,블리츠웨이스튜디오,-31.02,-8.66
099220,SDN,-8.89,-7.76
208140,정다운,30.34,2.71
103840,우양,-9.56,-17.25
270870,뉴트리,4.68,9.48
017510,세명전기,1.75,60.65
225220,제놀루션,N/A,-14.22
105740,디케이락,9.41,11.42
352700,씨앤투스,2.01,41.93
068330,일신바이오,11.24,15.16
049430,코메론,7.63,5.39
115160,휴맥스,-24.96,-1.46
307930,컴퍼니케이,-7.65,-14.85
407400,꿈비,-10.37,-63.36
317850,대모,-0.52,-50.54
007370,진양제약,15.15,7.06
101170,우림피티에스,5.73,16.29
234100,폴라리스세원,2.98,23.06
263540,어스앤에어로스페이스,-668.28,-4.41
078860,아이오케이,-24.75,-3.31
204840,지엘팜텍,-26.42,-14.77
322180,티라유텍,-33.95,-11.32
036090,위지트,-18.81,-4.40
307870,비투엔,-81.66,-4.59
321370,센서뷰,-130.31,-4.18
036670,KCI,10.75,5.42
200230,텔콘RF제약,14.75,-1.94
024910,경창산업,7.15,14.84
109860,동일금속,0.20,-19.23
023440,제이스코홀딩스,N/A,-2.82
027580,상보,0.68,-141.70
050110,캠시스,-15.30,-6.84
109960,AP헬스케어,1.74,1.62
036010,아비코전자,-2.06,-28.77
376930,노을,-60.02,-4.14
126880,제이엔케이글로벌,3.33,162.95
038680,에스넷,24.26,4.11
308080,바이젠셀,150.62,-4.77
065530,와이어블,N/A,26.58
241770,메카로,-1.25,-26.66
128660,피제이메탈,N/A,6.36
011370,서한,2.15,7.31
217190,제너셈,9.00,16.91
101330,모베이스,5.11,3.38
073570,리튬포어스,-120.58,-0.26
038880,아이에이,-19.82,-4.08
355150,코스텍시스,-64.48,191.82
095270,웨이브일렉트로,1.04,22.50
304840,피플바이오,-137.93,-5.57
123840,뉴온,-58.94,-0.86
339950,아이비김영,18.92,9.16
452160,제이엔비,-8.88,-30.69
383930,디티앤씨알오,-42.66,-3.64
222810,세토피아,-96.38,-2.61
086040,바이오톡스텍,-10.17,-14.93
158430,아톤,12.38,6.69
331380,포커스에이치엔에스,11.31,-80.48
043910,자연과환경,6.18,13.26
104620,노랑풍선,16.22,10.34
043220,티에스넥스젠,0.08,578.00
037350,성도이엔지,1.54,8.10
215100,로보로보,4.59,81.22
203690,스피어파워,-108.98,-3.61
307180,아이엘사이언스,-173.51,-4.70
347000,센코,-2.88,-64.21
317770,엑스페릭스,-7.20,-17.16
396300,세아메카닉스,9.48,12.45
048430,유라테크,13.69,4.33
260660,알리코제약,3.45,-58.54
049550,잉크테크,5.18,13.49
222160,NPX,-30.94,-9.29
002230,피에스텍,2.98,-227.78
352910,오비고,1.11,897.14
088130,동아엘텍,-3.98,-20.22
431190,케이쓰리아이,15.76,50.24
065130,탑엔지니어링,6.74,24.29
037440,희림,9.09,11.06
039240,경남스틸,8.09,11.46
010170,대한광통신,-32.45,-1.79
347740,피엔케이피부임상연구센타,N/A,16.56
900100,애머릿지,-62.89,-2.03
094970,제이엠티,19.94,3.81
114450,그린생명과학,-36.93,-5.37
115440,우리넷,10.03,4.33
041520,이엘씨,-4.10,-16.51
010470,오리콤,8.77,7.85
155650,와이엠씨,12.42,7.18
078890,가온그룹,-9.55,-5.78
171120,라이온켐텍,5.63,13.08
024800,유성티엔에스,14.47,1.16
187420,제노포커스,-12.85,-52.66
241790,티이엠씨씨엔에스,13.08,6.55
052710,아모텍,-8.59,-6.04
082210,옵트론텍,27.87,7.72
189980,흥국에프엔비,9.32,10.56
033830,티비씨,5.00,12.88
442900,미래에셋드림스팩1호,2.94,46.56
130580,나이스디앤비,11.89,7.50
136410,아셈스,5.37,26.73
032540,TJ미디어,5.49,18.60
054930,유신,16.98,4.70
142760,모아라이프플러스,29.30,11.90
094850,참좋은여행,N/A,10.41
064480,브리지텍,6.99,22.88
224110,에이텍모빌리티,11.12,8.80
080530,코디,-25.04,-10.03
256630,포인트엔지니어링,-8.81,-11.79
072990,에이치시티,9.57,8.65
049480,오픈베이스,6.60,13.83
314130,지놈앤컴퍼니,-59.44,-3.44
160550,NEW,-9.94,-5.94
212560,네오오토,11.65,5.89
001840,이화공영,-2.93,-25.20
205500,액션스퀘어,-40.09,-5.80
377480,마음AI,-24.18,-9.84
017480,삼현철강,5.43,14.58
087260,모바일어플라이언스,4.47,83.70
237820,플레이디,3.60,17.74
204610,티쓰리,5.78,15.11
263800,데이타솔루션,4.96,66.47
080000,에스엔유,5.05,8.41
033540,파라텍,-15.31,-4.89
081150,티플랙스,-1.41,-31.35
361570,알비더블유,-4.72,-9.19
417840,저스템,N/A,-11.33
201490,미투온,6.17,9.85
106080,하이소닉,-81.98,-5.27
090410,덕신이피씨,23.52,3.41
008830,대동기어,3.44,24.54
088340,유라클,31.54,15.21
234920,자이글,-28.37,-6.46
359090,씨엔알리서치,14.21,14.53
317830,에스피시스템스,-1.54,-55.29
054920,한컴위드,0.64,-11.97
025550,한국선재,-1.99,-19.87
066130,하츠,6.04,9.41
250000,보라티알,11.80,7.48
368600,아이씨에이치,-17.95,-10.78
105760,포스뱅크,20.77,7.79
042110,에스씨디,4.02,11.08
389140,포바이포,-39.65,-3.23
241840,에이스토리,8.13,16.13
192250,케이사인,5.84,25.77
057680,티사이언티픽,-29.38,-2.13
377030,맥스트,-41.51,-4.39
363250,진시스템,N/A,-8.51
321260,프로이천,9.92,15.18
311390,네오크레마,-11.46,-8.94
053290,NE능률,1.25,-21.90
066310,큐에스아이,3.31,262.07
037330,인지디스플레,8.29,3.69
066670,디티씨,2.29,25.75
263700,케어랩스,-31.96,-2.89
069920,아이에스이커머스,-30.90,-2.92
044060,조광ILI,-46.08,-2.06
336060,웨이버스,22.76,11.83
071670,에이테크솔루션,1.89,50.00
050960,수산아이앤티,6.74,15.24
041460,한국전자인증,4.74,34.62
101000,KS인더스트리,27.62,16.15
223310,딥마인드,-5.69,-19.39
150900,파수,13.23,14.44
052770,아이톡시,-47.93,-6.79
331920,셀레믹스,N/A,-22.89
032940,원익,-1.18,-7.38
246720,아스타,-41.95,-19.00
330730,스톤브릿지벤처스,7.08,16.41
417970,모델솔루션,1.72,68.47
115500,케이씨에스,14.69,27.68
271830,팸텍,13.30,8.38
254120,자비스,-20.86,-19.35
196300,애니젠,-75.93,-7.13
246960,SCL사이언스,-31.47,-14.17
236810,엔비티,-8.61,-19.05
246250,에스엘에스바이오,14.22,43.33
189690,포시에스,7.66,12.17
327260,RF머트리얼즈,-1.53,-57.55
037370,EG,-12.79,-7.56
222040,코스맥스엔비티,-16.29,-6.64
097780,에코볼트,6.59,3.86
053270,구영테크,19.63,3.46
046120,오르비텍,-4.01,90.56
052220,iMBC,3.63,53.00
051490,나라엠앤디,9.22,8.19
094840,슈프리마에이치큐,19.45,1.89
140430,카티스,11.09,31.65
115310,인포바인,6.87,8.93
187660,에이디엠코리아,-10.33,-18.86
171010,램테크놀러지,-5.73,-21.14
265740,엔에프씨,6.23,53.84
290090,트윔,4.50,28.41
039020,이건홀딩스,-4.35,-7.04
413640,비아이매트릭스,-8.79,-31.51
277070,린드먼아시아,6.63,19.75
024740,한일단조,6.46,12.51
109670,씨싸이트,-8.20,-15.20
067170,오텍,-14.94,-4.17
320000,한울반도체,6.65,-335.00
017650,대림제지,7.37,3.55
192410,휴림네트웍스,-26.98,-3.29
217500,러셀,4.89,38.68
306040,에스제이그룹,9.93,9.07
950110,SBI핀테크솔루션즈,0.11,"1,355.00"
363260,모비데이즈,-2.28,-28.52
009730,이렘,0.29,-73.28
089790,제이티,9.60,10.16
214870,뉴지랩파마,-10.79,5.16
044960,이글벳,6.74,22.36
015710,코콤,2.49,23.03
227610,아우딘퓨쳐스,-1.35,-5.57
239610,에이치엘사이언스,-1.33,-28.82
450520,인스웨이브시스템즈,15.43,18.74
032790,엠젠솔루션,-50.71,-2.41
314140,알피바이오,5.61,14.74
060850,영림원소프트랩,8.54,22.74
168330,내츄럴엔도텍,-13.13,-15.07
130500,GH신소재,2.82,23.84
290740,액트로,8.71,8.70
054540,삼영엠텍,9.32,13.43
163730,핑거,9.57,17.97
039830,오로라,5.41,9.61
084180,수성웹툰,-12.31,-7.13
063440,SM Life Design,8.67,11.22
347770,핌스,4.81,-17.90
122350,삼기,5.45,7.62
033320,제이씨현시스템,-2.53,67.65
277410,인산가,8.52,13.98
219750,한국비티비,-516.11,-0.83
064520,테크엘,8.26,8.25
004780,대륙제관,9.60,4.83
053350,이니텍,-0.26,-212.67
010240,흥국,13.77,5.08
347700,라이프시맨틱스,N/A,-4.19
038870,에코바이오,3.16,29.54
018680,서울제약,9.51,99.81
046390,삼화네트웍스,-2.17,27.98
101240,씨큐브,4.83,8.19
198080,엔피디,3.58,3.51
057030,YBM넷,10.04,13.00
038010,제일테크노스,26.24,2.32
073640,테라사이언스,-3.64,-8.18
355390,크라우드웍스,-102.83,-6.28
039420,케이엘넷,14.53,7.11
036170,클라우드에어,7.15,7.78
087600,픽셀플러스,-0.51,37.21
323350,다원넥스뷰,-1.65,582.86
033130,디지틀조선,4.10,16.86
220180,핸디소프트,3.15,49.08
430690,한싹,13.18,15.23
006050,국영지앤엠,1.61,104.12
072470,우리산업홀딩스,6.05,7.51
014570,고려제약,-6.08,-11.59
096350,대창솔루션,8.27,53.71
123570,이엠넷,4.50,12.32
014970,삼륭물산,3.37,30.04
129920,대성하이텍,-10.10,-6.15
127120,디엔에이링크,-20.66,-13.17
092300,현우산업,10.78,4.55
024950,삼천리자전거,5.49,13.72
021880,메이슨캐피탈,8.05,13.33
019540,일지테크,29.93,1.84
226360,KH 건설,-2.75,-2.66
052670,제일바이오,-4.51,-42.45
214270,FSN,-24.56,-2.98
081580,성우전자,-0.15,-42.91
170790,파이오링크,13.81,10.97
023770,플레이위드,-21.71,-27.74
049080,기가레인,-19.35,-4.82
256150,한독크린텍,9.67,11.85
227950,엔투텍,10.34,6.59
039290,인포뱅크,9.09,-34.16
019990,에너토크,-2.07,-72.24
068050,팬엔터테인먼트,9.89,8.04
219420,링크제니시스,2.93,108.33
083550,케이엠,-2.80,-15.82
100030,인지소프트,10.44,9.88
406820,뷰티스킨,-25.49,-6.40
276730,제주맥주,-52.40,-5.00
242040,나무기술,-7.95,-15.89
056730,CNT85,18.08,-160.20
353590,오토앤,-3.78,-73.17
033560,블루콤,-1.73,-31.26
014190,원익큐브,4.86,13.19
303030,지니틱스,-30.88,-42.49
007680,대원,-18.39,-0.97
058110,멕아이씨에스,-27.49,-3.77
007720,대명소노시즌,-0.04,-48.75
097870,효성오앤비,1.75,11.27
070300,엑스큐어,N/A,-27.55
440290,HB인베스트먼트,16.55,4.89
376290,씨유테크,0.91,6.90
049630,재영솔루텍,1.94,15.56
042040,케이피엠테크,4.87,-4.53
122690,서진오토모티브,10.22,6.73
099520,DGI,-22.96,-9.58
067920,이글루,11.97,9.43
008370,원풍,7.52,8.35
066910,손오공,-58.45,-3.41
378800,샤페론,N/A,-2.95
089530,에이티세미콘,-46.23,-1.74
052900,KX하이텍,3.90,12.96
083660,CSA 코스믹,-54.53,-7.21
318000,KBG,11.91,11.46
303530,이노뎁,2.62,-38.02
013720,CBI,-36.69,-2.75
245620,EDGC,-94.13,-1.11
066900,디에이피,-4.10,-8.89
032680,소프트센,-18.91,-5.27
016100,리더스코스메틱,0.54,55.56
062860,티엘아이,-12.69,-5.63
004590,한국가구,6.53,5.59
037230,한국팩키지,4.68,13.41
291650,압타머사이언스,-60.85,-4.46
307280,원바이오젠,18.61,11.02
013810,스페코,-3.71,-22.23
016600,큐캐피탈,5.38,7.42
290380,대유,-23.08,-2.70
204020,그리티,11.72,5.74
100590,머큐리,N/A,13.95
104200,NHN벅스,-7.10,-8.32
301300,바이브컴퍼니,82.83,-5.59
037030,파워넷,-0.21,6.00
377220,프롬바이오,-13.46,-3.87
022220,TKG애강,5.61,12.79
373110,엑셀세라퓨틱스,-170.80,-4.88
049120,파인디앤씨,-35.74,-4.58
071850,캐스텍코리아,-19.60,-2.28
069540,빛과전자,-37.53,-2.02
318020,포인트모바일,10.91,14.52
347860,알체라,-124.43,-2.56
088910,동우팜투테이블,12.80,3.00
196450,코아시아씨엠,-31.00,-3.18
053620,태양,4.15,11.31
039010,현대에이치티,-1.41,97.73
419120,산돌,5.84,20.20
094940,푸른기술,7.32,28.05
129890,앱코,3.17,7.74
288980,모아데이타,0.65,-533.00
133750,메가엠디,-5.00,130.00
217480,에스디생명공학,-19.57,7.13
040610,SG&G,6.06,2.26
025440,DH오토웨어,1.05,N/A
412350,레이저쎌,-0.51,-178.86
046940,우원개발,1.43,25.12
290720,푸드나무,-56.59,-2.23
099390,브레인즈컴퍼니,N/A,10.59
263920,휴엠앤씨,29.14,8.60
007530,와이엠,2.20,31.44
238490,힘스,8.58,4.90
263770,유에스티,15.82,5.81
073110,엘엠에스,-14.57,-7.91
056700,신화인터텍,-17.63,-7.71
100660,서암기계공업,2.97,63.81
057540,옴니시스템,0.75,17.52
098120,마이크로컨텍솔,14.22,7.02
318410,비비씨,7.90,11.36
215380,우정바이오,-19.55,-19.17
309930,오하임앤컴퍼니,8.38,18.48
080010,이상네트웍스,5.23,6.72
376180,피코그램,13.28,11.42
016250,SGC E&C,-14.22,-1.41
360350,코셈,14.35,27.60
024830,세원물산,4.24,4.51
239340,이스트에이드,-25.73,-8.15
053590,한국테크놀로지,-165.47,-1.82
238120,얼라인드,10.76,15.25
005670,푸드웰,3.79,11.59
148930,에이치와이티씨,9.73,13.28
418250,시큐레터,-47.17,-8.26
221980,케이디켐,5.43,9.11
299170,더블유에스아이,7.37,22.89
003310,대주산업,13.94,4.87
279600,미디어젠,-40.04,-13.83
405920,나라셀라,-1.85,-16.71
335810,프리시젼바이오,-13.73,-8.91
200780,비씨월드제약,3.27,59.90
229000,젠큐릭스,-190.21,-3.50
096610,알에프세미,-194.16,-1.08
053160,프리엠스,1.25,-132.15
240600,유진테크놀로지,-5.49,-9.67
038060,루멘스,4.18,14.86
031310,아이즈비전,-1.55,4.37
417860,오브젠,-130.18,-7.32
045060,오공,8.33,5.25
263020,디케이앤디,10.76,6.42
134580,탑코미디어,-32.79,-3.99
138070,신진에스엠,5.23,15.93
221800,유투바이오,1.80,71.67
050860,아세아텍,7.60,6.71
452300,캡스톤파트너스,-16.55,-9.88
052300,씨티프라퍼티,-12.28,-3.08
273060,와이즈버즈,N/A,34.48
075970,동국알앤에스,0.60,144.21
037760,쎄니트,3.12,23.60
285800,진영,-5.99,-27.75
046970,우리로,-11.57,-8.60
389030,지니너스,N/A,-4.84
352770,클리노믹스,-92.30,-0.94
195500,마니커에프앤지,3.16,14.09
019770,서연탑메탈,10.59,5.21
173940,에프엔씨엔터,-20.61,-5.52
088290,이원컴포텍,-4.84,-2.55
126640,화신정공,8.22,5.34
263810,상신전자,5.29,17.49
376980,원티드랩,3.61,179.29
088800,에이스테크,-172.22,-0.62
247660,나노씨엠에스,-14.30,-13.12
222110,팬젠,-30.14,-16.66
377330,이지트로닉스,N/A,-15.90
189860,서전기전,-11.61,-11.36
047770,코데즈컴바인,6.02,16.68
034940,조아제약,-22.41,-3.98
440320,오픈놀,N/A,33.15
096690,에이루트,-7.63,-1.37
419540,비스토스,4.68,29.65
373200,엑스플러스,-87.59,-4.92
091590,남화토건,-7.34,-2.59
140520,대창스틸,1.69,-253.33
177830,파버나인,0.19,44.87
085910,네오티스,-5.68,-24.82
332370,아이디피,11.42,6.42
043340,에쎈테크,-36.43,-5.04
082660,코스나인,-20.25,-6.23
017000,신원종합개발,8.45,5.62
032980,바이온,-30.91,-6.90
033200,모아텍,0.08,828.75
048770,TPC,-16.55,-7.56
355690,에이텀,-440.64,-5.10
060230,소니드,-43.66,-1.07
424980,마이크로투나노,-26.33,-5.45
139670,키네마스터,20.02,16.76
298060,에스씨엠생명과학,-106.53,-1.95
137080,나래나노텍,-13.18,-2.44
065170,비엘팜텍,-0.46,-32.81
434480,모니터랩,-5.57,-41.87
080520,오디텍,2.39,3.86
448740,삼성스팩8호,3.12,48.63
114630,폴라리스우노,8.10,6.23
332290,누보,-23.28,-32.35
060540,에스에이티,1.62,24.21
032960,동일기연,3.53,41.89
131220,대한과학,10.17,12.30
036690,코맥스,-18.07,-6.02
049830,승일,0.29,-232.81
153490,우리이앤엘,6.89,5.31
274400,이노시뮬레이션,-1.14,-98.81
024120,KB오토시스,1.02,-29.30
131100,티엔엔터테인먼트,-25.50,-2.76
036180,지더블유바이텍,-52.02,-2.09
290120,DH오토리드,-8.75,-5.38
246690,TS인베스트먼트,13.55,6.66
153460,네이블,-4.49,-32.55
052600,한네트,6.81,17.39
128540,에코캡,2.33,-15.17
438700,버넥트,-29.99,-3.82
045520,크린앤사이언스,3.28,23.52
090150,아이윈,-61.26,-1.29
276040,스코넥,-21.75,-7.44
056360,코위버,0.61,-71.09
348030,모비릭스,-6.40,-9.36
080720,한국유니온제약,-46.00,-2.32
109080,옵티시스,4.46,36.47
222980,한국맥널티,-9.52,-18.10
101390,아이엠,-73.83,-1.44
111870,KH 미래물산,17.31,3.40
189330,씨이랩,-36.35,-6.21
435620,하나금융25호스팩,3.14,36.64
028080,휴맥스홀딩스,-27.64,-1.78
405000,플라즈맵,-215.41,-2.62
262840,아이퀘스트,7.10,15.00
318010,팜스빌,5.23,15.71
088280,쏘닉스,-15.21,-6.93
066360,체리부로,18.33,2.81
290520,신도기연,-5.60,-12.92
032580,피델릭스,2.15,-68.00
228340,동양파일,4.12,12.59
007770,한일화학,-13.25,-7.91
068100,케이웨더,-26.05,-15.52
340810,씨유박스,-77.96,-3.88
367000,플래티어,-7.23,-13.13
079170,한창산업,2.52,5.83
127710,아시아경제,-13.07,-1.58
900310,컬러레이,2.16,12.69
045340,토탈소프트,18.58,10.07
372800,아이티아이즈,-32.80,-33.65
208640,썸에이지,-40.90,-3.43
038620,위즈코프,1.81,52.58
018700,바른손,-31.01,-2.70
038950,파인디지털,2.32,54.01
208860,엔지스테크널러지,-71.17,18.07
290660,네오펙트,-28.03,-5.92
373170,엠아이큐브솔루션,17.69,13.71
048470,대동스틸,-3.06,-18.34
051390,YW,6.82,7.70
046310,백금T&A,24.22,4.02
252500,세화피앤씨,7.25,17.49
038530,케이바이오,-19.49,-3.36
143540,영우디에스피,-36.84,-5.09
258610,케일럼,-129.12,-1.05
021040,대호특수강,-7.19,35.71
051380,피씨디렉트,1.75,66.88
138360,협진,-4.91,-13.00
417180,핑거스토리,9.06,18.48
021650,한국큐빅,9.94,4.83
024940,PN풍년,4.61,18.65
067010,이씨에스,4.75,15.42
169330,엠브레인,12.53,19.43
065060,지엔코,-7.49,-7.19
199730,바이오인프라,7.72,-51.88
052860,아이앤씨,-0.68,-14.87
032750,삼진,0.13,-25.25
331520,밸로프,3.37,28.32
354200,엔젠바이오,-61.40,-3.07
032800,판타지오,-49.42,-1.43
025880,케이씨피드,10.51,5.50
076080,웰크론한텍,-7.17,-9.10
198940,한주라이트메탈,-40.49,-2.06
038340,MIT,-4.46,-8.11
197140,디지캡,-7.60,-16.96
037400,우리엔터프라이즈,3.77,7.57
286750,나노브릭,-63.32,-15.93
078590,휴림에이텍,21.00,4.68
187220,디티앤씨,-15.98,-2.59
065500,오리엔트정공,-14.37,-7.15
147760,피엠티,-11.45,-5.73
036000,예림당,7.08,4.52
131090,시큐브,13.36,6.95
340440,세림B&G,12.24,9.84
192390,윈하이텍,9.90,3.04
010280,쌍용정보통신,9.00,60.30
035620,바른손이앤에이,-16.78,-3.46
415380,스튜디오삼익,12.01,14.24
001810,무림SP,-2.86,-67.81
303360,프로티아,2.34,25.38
210120,빅텐츠,-1.40,-140.23
353190,휴럼,8.98,14.07
187270,신화콘텍,6.70,7.72
036480,대성미생물,-1.78,-33.61
115530,씨엔플러스,3.42,-94.50
222420,쎄노텍,-14.26,-6.39
312610,에이에프더블류,-4.69,-10.08
065440,이루온,8.57,6.80
089150,케이씨티,3.36,29.01
002290,삼일기업공사,5.99,10.18
289010,아이스크림에듀,N/A,-2.20
267790,배럴,19.47,8.76
117670,알파홀딩스,-54.02,-1.38
221840,하이즈항공,-15.12,-4.47
322780,코퍼스코리아,6.32,-13.39
429270,시지트로닉스,-27.13,-7.60
072950,빛샘전자,5.82,9.57
054300,팬스타엔터프라이즈,0.55,80.00
054180,메디콕스,-51.61,-0.73
115610,이미지스,-54.91,-16.81
238200,비피도,2.08,151.50
356890,싸이버원,N/A,19.02
317120,라닉스,-43.04,-5.85
089140,넥스턴바이오,7.86,3.41
290270,휴네시온,17.44,4.92
047080,한빛소프트,-64.30,-4.76
452980,신한제11호스팩,N/A,77.88
060240,스타코링크,-37.49,-2.38
079000,와토스코리아,3.39,14.07
900270,헝셩그룹,-0.27,80.00
058450,한주에이알티,-39.27,-5.70
053950,경남제약,-24.26,-1.65
065370,위세아이텍,N/A,-16.31
348080,큐라티스,-231.23,-2.15
099410,동방선기,14.67,8.12
361670,삼영에스앤씨,-11.40,-13.05
190650,코리아에셋투자증권,6.41,6.17
203450,유니온커뮤니티,7.99,18.99
052460,아이크래프트,12.86,4.19
093380,풍강,7.83,19.35
119500,포메탈,3.92,22.39
115480,씨유메디칼,-14.59,-3.92
439250,삼성스팩7호,2.63,39.46
020180,대신정보통신,20.86,5.39
900300,오가닉티코스메틱,-25.93,-0.33
043710,서울리거,-11.56,-2.02
131760,파인텍,-23.23,-14.41
328380,솔트웨어,3.54,56.78
148780,비큐AI,6.05,27.15
137940,넥스트아이,-17.89,-2.00
075130,플랜티넷,2.29,7.98
051780,큐로홀딩스,-18.75,-3.45
297570,알로이스,13.61,7.74
368970,오에스피,N/A,-308.33
362990,드림인사이트,19.56,8.46
076610,해성옵틱스,-3.44,16.49
196490,디에이테크놀로지,-81.92,-0.50
083470,이엠앤아이,-2.95,-201.12
351320,에스에이티이엔지,-27.57,-4.56
031510,오스템,8.86,12.97
040160,누리플렉스,3.63,-7.18
146060,율촌,-55.44,-1.69
060380,동양에스텍,5.46,13.25
095910,에스에너지,-8.47,-2.95
086060,진바이오텍,5.51,13.01
208710,바이오로그디바이스,-21.08,-2.55
188260,세니젠,"-1,860.17",-3.53
317240,TS트릴리온,-7.17,-44.86
380540,옵티코어,-21.66,-5.21
059100,아이컴포넌트,-7.57,-31.42
044480,빌리언스,-68.02,-2.17
079190,케스피온,14.16,-124.29
184230,SGA솔루션즈,-1.74,-12.67
012620,원일특강,5.28,4.48
333050,모코엠시스,5.45,36.62
104040,대성파인텍,-4.06,-17.04
094860,네오리진,-18.70,-4.05
237750,피앤씨테크,5.19,9.46
008470,부스타,1.86,36.89
006920,모헨즈,28.25,4.61
069410,엔텔스,-2.57,-22.34
016920,카스,2.75,22.05
042940,상지건설,43.07,1.02
299910,애닉,25.38,-6.39
089230,THE E&M,-73.77,-0.79
296640,이노룰스,0.11,36.13
012340,뉴인텍,-51.13,-2.24
110020,전진바이오팜,-81.59,-121.90
091340,S&K폴리텍,-6.85,-16.28
179530,애드바이오텍,-19.36,-4.64
159910,스킨앤스킨,-41.50,-3.41
045510,정원엔시스,4.03,14.44
187790,나노,-58.88,-18.98
193250,링크드,-16.09,-2.41
009620,삼보산업,-100.94,-1.01
018620,우진비앤지,-3.44,-54.30
131180,딜리,1.18,28.08
900110,이스트아시아홀딩스,0.83,10.29
080470,성창오토텍,11.96,7.37
148250,알엔투테크놀로지,-8.99,-7.41
318160,셀바이오휴먼텍,-4.84,-17.81
092600,앤씨앤,-39.39,-1.67
244460,올리패스,-199.91,-2.57
121850,코이즈,-25.98,-8.38
026040,제이에스티나,1.77,106.94
045300,성우테크론,-1.53,-16.98
039310,세중,14.49,2.41
101400,엔시트론,3.25,17.21
098660,에스티오,6.72,22.76
068940,셀피글로벌,-20.96,-8.64
033050,제이엠아이,5.24,13.61
313760,캐리,-82.18,-1.40
060900,DGP,-17.04,-3.15
113810,디젠스,17.46,7.03
043100,솔고바이오,-78.93,-1.33
014100,메디앙스,8.33,2.89
083640,인콘,-33.15,-0.79
030350,드래곤플라이,-65.33,-0.99
451700,엔에이치스팩29호,N/A,43.91
123330,제닉,-32.11,-6.02
365900,브이씨,-27.33,-2.43
016670,디모아,-4.88,-28.12
215480,토박스코리아,7.60,20.88
072520,제넨바이오,-22.30,-1.46
049470,SGA,-20.41,-3.01
085810,알티캐스트,-72.38,-1.08
357880,비트나인,-68.27,-1.55
054090,삼진엘앤디,-27.89,-1.34
103230,에스앤더블류,7.88,8.22
123010,아이윈플러스,-24.24,-2.61
035200,프럼파스트,3.80,19.52
054940,엑사이엔씨,-1.24,-104.75
073190,듀오백,-20.41,-9.03
032280,삼일,4.61,28.58
177350,베셀,-83.47,-0.72
352940,인바이오,-14.45,-3.10
035460,기산텔레콤,8.76,-16.43
001000,신라섬유,-4.46,-37.93
154040,다산솔루에타,55.28,0.95
154030,아시아종묘,-10.42,-12.58
224060,더코디,-16.99,-2.92
208350,지란지교시큐리티,24.96,2.05
025870,신라에스지,1.70,-173.16
032080,아즈텍WB,-1.21,-13.48
044780,에이치케이,3.17,17.60
377460,위니아에이드,-86.76,-0.19
258790,소프트캠프,-41.44,-4.45
464680,KB제27호스팩,N/A,51.18
063760,이엘피,0.88,98.39
900120,씨엑스아이,1.81,0.94
043200,파루,-3.82,68.11
050760,에스폴리텍,-8.73,-6.07
023790,동일철강,-81.34,-1.26
900260,로스웰,7.35,1.15
225430,케이엠제약,-3.68,-13.95
290560,신시웨이,-0.12,-62.40
002680,한탑,-20.95,-2.74
115570,스타플렉스,-20.91,-1.61
310870,디와이씨,9.03,7.05
291810,핀텔,-6.06,-30.28
067730,로지시스,3.03,30.24
424760,벨로크,-24.07,-4.47
035290,골드앤에스,-22.10,-17.03
043590,웰킵스하이텍,23.99,4.19
139050,BF랩스,0.21,-0.66
008290,원풍물산,-20.94,-6.13
225590,패션플랫폼,9.06,4.39
344860,이노진,12.26,16.62
050120,ES큐브,-28.96,-1.32
900070,글로벌에스엠,2.18,14.80
130740,티피씨글로벌,-3.13,-13.73
066430,와이오엠,6.96,8.38
054410,케이피티유,6.55,7.15
054220,비츠로시스,N/A,-3.39
065570,삼영이엔씨,-45.83,-1.33
317530,캐리소프트,-65.66,-3.98
079650,서산,2.24,14.82
017250,인터엠,23.43,-78.36
258830,세종메디칼,N/A,-0.31
232830,시큐센,-9.02,-11.32
214310,에스엘에너지,-82.12,-0.59
060480,국일신동,-2.60,-16.69
468510,삼성스팩9호,N/A,675.00
039740,한국정보공학,4.44,7.43
020400,대동금속,1.67,-27.68
071460,위니아,208.56,-0.09
067770,세진티에스,-3.26,36.46
217620,디딤이앤에프,-324.79,-1.25
219550,디와이디,-45.56,-0.75
101680,한국정밀기계,-17.37,-3.04
065770,CS,-3.82,21.62
215790,이노인스트루먼트,-20.47,-0.85
048830,엔피케이,3.88,16.35
121890,에스디시스템,24.65,11.53
230980,비유테크놀러지,-105.34,-0.97
043090,더테크놀로지,-53.53,-0.73
019660,글로본,-35.33,-8.97
196700,웹스,2.96,9.62
308100,까스텔바작,-7.68,-4.28
091970,나노캠텍,-20.59,-2.96
027040,서울전자통신,-31.21,-1.55
134060,이퓨쳐,6.39,12.09
436610,한국제11호스팩,3.21,55.00
335870,윙스풋,12.02,6.32
079950,인베니아,-40.05,-1.52
053060,세동,29.75,2.23
275630,에스에스알,6.24,12.01
123750,알톤,-1.36,-8.11
043360,디지아이,-4.93,-10.28
250930,예선테크,-37.39,-2.04
900280,골든센츄리,-76.99,-0.12
019570,플루토스,-35.75,-2.62
031860,에스유홀딩스,-52.99,-0.45
191410,육일씨엔에쓰,-0.85,12.59
449020,유안타제13호스팩,3.88,45.00
065420,에스아이리소스,-67.57,-1.98
069140,누리플랜,-77.58,-0.67
204630,스튜디오산타클로스,-73.75,-0.61
062970,피피아이,-66.67,-3.88
084440,유비온,N/A,-9.00
466910,엔에이치스팩30호,N/A,84.38
439410,엔에이치스팩26호,3.10,41.70
106240,파인테크닉스,-4.15,-3.81
050090,비케이홀딩스,-22.41,-3.95
065150,대산F&B,-20.04,-3.02
069330,유아이디,-15.58,-27.00
023460,CNH,-18.80,-0.61
079970,투비소프트,-41.73,-0.89
457390,대신밸런스제15호스팩,N/A,85.36
424140,케이비제21호스팩,2.79,30.49
227100,퀀텀온,-120.71,-0.40
477380,미래에셋비전스팩4호,N/A,N/A
440820,엔에이치스팩27호,3.17,36.55
026910,광진실업,-20.80,-2.31
070590,한솔인티큐브,-27.12,-3.51
096870,엘디티,-0.92,-116.67
412930,미래에셋비전스팩1호,1.71,72.78
106520,노블엠앤비,-46.93,-1.18
060260,뉴보텍,-31.62,-3.67
011080,형지I&C,6.37,10.71
457630,대신밸런스제16호스팩,N/A,69.84
073540,에프알텍,3.50,9.88
406760,하나금융21호스팩,N/A,50.85
065690,파커스,-20.92,-1.38
442310,대신밸런스제14호스팩,2.97,46.00
430220,신영스팩8호,1.73,55.61
469880,하나30호스팩,N/A,-32.31
454750,하나28호스팩,N/A,53.25
477340,에이치엠씨제7호스팩,N/A,N/A
422040,엔에이치스팩23호,3.40,33.63
418170,하나금융22호스팩,2.25,49.58
478440,미래에셋비전스팩6호,N/A,N/A
473050,유안타제15호스팩,N/A,-8.22
430230,하나금융24호스팩,2.43,42.98
479880,한국제15호스팩,N/A,N/A
458320,KB제26호스팩,N/A,65.39
471050,대신밸런스제17호스팩,N/A,-7.71
430460,한화플러스제3호스팩,2.66,69.22
446750,하나26호스팩,3.08,52.93
446840,키움제8호스팩,2.01,73.17
425290,삼성스팩6호,1.92,53.07
481890,엔에이치스팩31호,N/A,N/A
478390,KB제29호스팩,N/A,N/A
421800,교보12호스팩,1.93,57.57
044180,KD,-11.12,-3.07
054630,에이디칩스,-37.97,-0.81
482520,교보16호스팩,N/A,N/A
435380,유안타제10호스팩,2.68,37.89
477760,DB금융스팩12호,N/A,N/A
438220,대신밸런스제13호스팩,2.82,39.18
456440,DB금융스팩11호,N/A,76.00
445970,신영스팩9호,2.69,42.45
448370,하나27호스팩,1.90,55.00
474660,신한제12호스팩,N/A,N/A
469900,하나31호스팩,N/A,-14.09
476470,KB제28호스팩,N/A,N/A
454640,하나29호스팩,N/A,63.53
174880,장원테크,-3.12,-10.82
477470,미래에셋비전스팩5호,N/A,N/A
446190,미래에셋비전스팩2호,3.78,59.62
455250,KB제25호스팩,N/A,64.39
446150,유안타제12호스팩,3.47,48.57
430700,유안타제9호스팩,2.57,37.81
444920,유안타제11호스팩,0.97,48.75
474490,유안타제16호스팩,N/A,N/A
03481K,해성산업1우,N/A,-9.61
415580,상상인제3호스팩,1.81,43.75
046070,코다코,907.99,-0.22
455310,한화플러스제4호스팩,N/A,94.13
455910,에스케이증권제9호스팩,N/A,121.11
437780,엔에이치스팩24호,2.80,39.81
450050,하이제8호스팩,1.09,67.34
448830,미래에셋비전스팩3호,1.37,40.56
452670,상상인제4호스팩,N/A,42.66
478110,이베스트스팩6호,N/A,N/A
477530,한국제14호스팩,N/A,N/A
472220,신영스팩10호,N/A,-2.51
448760,IBKS제22호스팩,1.75,71.41
433530,키움제7호스팩,2.02,55.91
439730,IBKS제20호스팩,2.14,56.59
450940,유안타제14호스팩,1.16,53.62
458610,한국제12호스팩,N/A,325.00
442770,IBKS제21호스팩,2.79,42.64
464440,한국제13호스팩,N/A,-91.46
469480,IBKS제24호스팩,N/A,-4.30
456490,교보14호스팩,N/A,158.21
467930,IBKS제23호스팩,N/A,-18.06
440790,교보13호스팩,1.76,75.83
473950,에스케이증권제13호스팩,N/A,N/A
462020,에이치엠씨제6호스팩,N/A,91.30
468760,유진스팩10호,N/A,-7.34
445360,비엔케이제1호스팩,3.44,31.49
472230,에스케이증권제11호스팩,N/A,-2.70
418210,신한제10호스팩,1.93,57.32
473370,비엔케이제2호스팩,N/A,-4.55
465320,교보15호스팩,N/A,-33.91
475250,하나33호스팩,N/A,N/A
474930,신한제13호스팩,N/A,N/A
435870,에스케이증권제8호스팩,1.27,59.31
442130,유진스팩9호,3.34,39.48
413600,키움제6호스팩,N/A,112.00
457940,에스케이증권제10호스팩,N/A,121.39
473000,에스케이증권제12호스팩,N/A,N/A
475240,하나32호스팩,N/A,N/A
323230,엠에프엠코리아,-80.96,-0.22
438580,엔에이치스팩25호,2.73,41.94
021045,대호특수강우,N/A,71.70
032685,소프트센우,N/A,-77.38
